Name,AIC
Standard Epsilon,219.31421783932203
Standard Softmax,154.256553014514
Updating Epsilon,227.37993353026744
Updating Softmax,178.4019220662713
